Address,Occurrences,Title 1,Title 1 Length,Title 1 Pixel Width,Indexability,Indexability Status
https://www.simulationslabs.com/,1,Create Gamified Cybersecurity Training for Teams & Students | Simulations Labs,78,719,Indexable,
https://www.simulationslabs.com/about,1,Create Gamified Cybersecurity Training for Teams & Students | Simulations Labs,78,719,Indexable,
https://www.simulationslabs.com/case-studies,1,Create Gamified Cybersecurity Training for Teams & Students | Simulations Labs,78,719,Indexable,
https://www.simulationslabs.com/product-demo,1,Product Demo,12,128,Indexable,
https://www.simulationslabs.com/host-ctf,1,Host a CTF Competition | Simulations Labs,41,383,Indexable,
https://www.simulationslabs.com/blogs,1,Create Gamified Cybersecurity Training for Teams & Students | Simulations Labs,78,719,Indexable,
https://www.simulationslabs.com/terms-of-use,1,Create Gamified Cybersecurity Training for Teams & Students | Simulations Labs,78,719,Indexable,
https://www.simulationslabs.com/pricing,1,Pricing | Simulations Labs,26,231,Indexable,
https://www.simulationslabs.com/employer-branding,1,Boost Your Employer Brand Through Cybersecurity Competitions,60,572,Indexable,
https://www.simulationslabs.com/applicants-assessment,1,Assess Cybersecurity Applicants with Real-World Challenges,58,538,Indexable,
https://app.simulationslabs.com/register/tenant,1,Register   »  Simulations labs,30,241,Indexable,
https://www.simulationslabs.com/privacy-policy,1,Create Gamified Cybersecurity Training for Teams & Students | Simulations Labs,78,719,Indexable,
https://www.simulationslabs.com/signin,1,Sign In,7,60,Indexable,
https://www.simulationslabs.com/deployment,1,Flexible Deployment Options for Your CTF Platform,49,456,Indexable,
https://www.simulationslabs.com/guides,1,Create Gamified Cybersecurity Training for Teams & Students | Simulations Labs,78,719,Indexable,
https://www.simulationslabs.com/blogs/How_to_run_technical_skill_assessments_for_cyber_hires-SimulationsLabs,1,How to run technical skill assessments for cyber hires | Simulations Labs,73,648,Indexable,
https://www.simulationslabs.com/case-studies/strengthening-employer-brand-to-attract-cybersecurity-talent,1,Strengthening Employer Brand to Attract Cybersecurity Talent | Simulations Labs,79,718,Indexable,
https://app.simulationslabs.com/tenants/forget-domains,1,Forget Tenant Domains and Slugs   »  Simulations labs,53,469,Indexable,
https://www.simulationslabs.com/blogs/Top_Simulations_Labs_Features_in_2025,1,Top Simulations Labs Features in 2025 | Simulations Labs,56,516,Indexable,
https://www.simulationslabs.com/guides/onboarding-checklist,1,Onboarding Checklist | Simulations Labs,39,359,Indexable,
https://www.simulationslabs.com/blogs/How_Gamification_Improves_Cybersecurity_Learning_Outcomes-SimulationsLabs,1,How Gamification Improves Cybersecurity Learning Outcomes | Simulations Labs,76,723,Indexable,
https://www.simulationslabs.com/blogs/Top_Skills_to_Look_for_When_Hiring_Cybersecurity_Professionals_By_Role,1,Top Skills to Look for When Hiring Cybersecurity Professionals - By Role | Simulations Labs,91,804,Indexable,
https://www.simulationslabs.com/blogs/Why_Conduct_Cyberattack_Cyber_Drill_Simulations_for_Your_Organization-SimulationsLabs,1,Why Conduct Cyberattack/Cyber Drill Simulations for Your Organization? | Simulations Labs,89,812,Indexable,
https://www.simulationslabs.com/guides/how-to-design-an-effective-cybersecurity-simulation,1,How to Design an Effective Cybersecurity Simulation | Simulations Labs,70,636,Indexable,
https://www.simulationslabs.com/blogs/Simulations_LabsـAWS_Marketplace,1,Simulations Labs Platform Launches in AWS Marketplace | Simulations Labs,72,683,Indexable,
https://www.simulationslabs.com/guides/ctf-planning-execution-guide,1,Capture the Flag (CTF) Planning & Execution Guide | Simulations Labs,68,621,Indexable,
https://www.simulationslabs.com/blogs/manager_ctf_guide,1,The Manager’s Guide to Launching a Team CTF - Simulations Labs Modern Solution! | Simulations Labs,98,918,Indexable,
https://www.simulationslabs.com/case-studies/How_Yekolo_Temari_Simplified_CTF_Hosting_with_Simulations_Labs,1,How  የቆሎ ተማሪ | Yekolo Temari Simplified CTF Hosting with Simulations Labs | Simulations Labs,92,873,Indexable,
https://www.simulationslabs.com/blogs/What_Makes_Simulations_Labs_Different_from_Other_CTF_Hosting_Platforms,1,What Makes Simulations Labs Different from Other CTF Hosting Platforms? | Simulations Labs,90,844,Indexable,